STT,Name,Email,Password,Roles,Status
1,ABC,abc1@gmail.com,fcea920f7412b5da7be0cf42b8c93759,2,1
2,ABC,abc3@gmail.com,fcea920f7412b5da7be0cf42b8c93759,2,1
3,ABC,abc4@gmail.com,fcea920f7412b5da7be0cf42b8c93759,3,1
4,ABC,abc5@gmail.com,fcea920f7412b5da7be0cf42b8c93759,4,1
5,ABC,abc2121@gmail.com,fcea920f7412b5da7be0cf42b8c93759,5,1
6,ABC,abc2@gmail.com,fcea920f7412b5da7be0cf42b8c93759,6,1
7,ABC,abc2dsadasdas@gmail.com,fcea920f7412b5da7be0cf42b8c93759,7,1
8,ABC,abc234432432@gmail.com,fcea920f7412b5da7be0cf42b8c93759,8,1
9,ABC,abc2fdsfsd@gmail.com,fcea920f7412b5da7be0cf42b8c93759,9,1
10,ABC,abc2asasass@gmail.com,fcea920f7412b5da7be0cf42b8c93759,2,1
11,ABC,abc12121@gmail.com,fcea920f7412b5da7be0cf42b8c93759,2,1
12,ABC,abc212121@gmail.com,fcea920f7412b5da7be0cf42b8c93759,2,1
13,ABC,bugger485@gmail.com,fcea920f7412b5da7be0cf42b8c93759,2,1
14,ABC,abc212121@gmail.com,fcea920f7412b5da7be0cf42b8c93759,312,1
15,ABC,abc212121@gmail.com,fcea920f7412b5da7be0cf42b8c93759,12,1
16,ABC,abc212121@gmail.com,fcea920f7412b5da7be0cf42b8c93759,21,1
17,ABC,abc212121@gmail.com,fcea920f7412b5da7be0cf42b8c93759,21,1
18,ABC,abc212121@gmail.com,fcea920f7412b5da7be0cf42b8c93759,21,1
19,ABC,abc212121@gmail.com,fcea920f7412b5da7be0cf42b8c93759,2,1
20,ABC,abc212121@gmail.com,fcea920f7412b5da7be0cf42b8c93759,2,1
21,ABC,abc212121@gmail.com,fcea920f7412b5da7be0cf42b8c93759,12,1
22,ABC,abc212121@gmail.com,fcea920f7412b5da7be0cf42b8c93759,12,1
23,ABC,abc212121@gmail.com,fcea920f7412b5da7be0cf42b8c93759,12,1
24,ABC,abc212121@gmail.com,fcea920f7412b5da7be0cf42b8c93759,2,1
25,ABC,abc212121@gmail.com,fcea920f7412b5da7be0cf42b8c93759,21,1
26,ABC,bugger485@gmail.com,fcea920f7412b5da7be0cf42b8c93759,21,1
